"x"
"1" "Amblyraja_radiata_GB-SCT_2_GOV_D_Depth_2"
"2" "Amblyraja_radiata_GB-SCT_1_GOV_D_Depth_4"
"3" "Amblyraja_radiata_NO_1_GOV_D_Depth_4"
"4" "Amblyraja_radiata_NO_1_GOV_D_Depth_3"
"5" "Argentina_silus_NO_1_GOV_D_Depth_4"
"6" "Argentina_silus_GB-SCT_1_GOV_D_Depth_4"
"7" "Argentina_sphyraena_NO_1_GOV_N_Depth_4"
"8" "Brosme_brosme_NO_1_GOV_D_Depth_4"
"9" "Callionymus_lyra_GB-SCT_1_GOV_D_Depth_4"
"10" "Callionymus_maculatus_GB-SCT_1_GOV_D_Depth_4"
"11" "Chelidonichthys_cuculus_GB-SCT_1_GOV_D_Depth_4"
"12" "Clupea_harengus_GB-SCT_2_GOV_D_Depth_3"
"13" "Clupea_harengus_GB-SCT_3_GOV_D_Depth_2"
"14" "Clupea_harengus_GB-SCT_1_GOV_D_Depth_3"
"15" "Clupea_harengus_GB-SCT_1_GOV_D_Depth_4"
"16" "Clupea_harengus_NO_1_GOV_D_Depth_4"
"17" "Clupea_harengus_NO_1_GOV_D_Depth_3"
"18" "Clupea_harengus_NO_2_GOV_D_Depth_2"
"19" "Clupea_harengus_DE_1_GOV_D_Depth_3"
"20" "Enchelyopus_cimbrius_GB-SCT_1_GOV_D_Depth_4"
"21" "Eutrigla_gurnardus_GB-SCT_2_GOV_D_Depth_3"
"22" "Eutrigla_gurnardus_GB-SCT_1_GOV_D_Depth_4"
"23" "Eutrigla_gurnardus_NO_1_GOV_N_Depth_4"
"24" "Eutrigla_gurnardus_NO_1_GOV_D_Depth_4"
"25" "Eutrigla_gurnardus_NL_6_GOV_D_Depth_2"
"26" "Eutrigla_gurnardus_GB-SCT_1_GOV_D_Depth_3"
"27" "Gadiculus_argenteus_NO_1_GOV_D_Depth_4"
"28" "Gadiculus_argenteus_GB-SCT_1_GOV_D_Depth_4"
"29" "Gadiculus_argenteus_DE_1_GOV_D_Depth_4"
"30" "Gadus_morhua_GB-SCT_3_GOV_D_Depth_2"
"31" "Gadus_morhua_GB-SCT_1_GOV_D_Depth_3"
"32" "Gadus_morhua_NO_7_GOV_D_Depth_2"
"33" "Gadus_morhua_NO_1_GOV_N_Depth_4"
"34" "Glyptocephalus_cynoglossus_NO_1_GOV_D_Depth_4"
"35" "Glyptocephalus_cynoglossus_NO_1_GOV_N_Depth_4"
"36" "Hippoglossoides_platessoides_GB-SCT_2_GOV_D_Depth_2"
"37" "Hippoglossoides_platessoides_GB-SCT_3_GOV_D_Depth_2"
"38" "Hippoglossoides_platessoides_NO_1_GOV_N_Depth_4"
"39" "Hippoglossoides_platessoides_NO_1_GOV_D_Depth_3"
"40" "Hippoglossoides_platessoides_GB-SCT_1_GOV_D_Depth_3"
"41" "Lepidorhombus_whiffiagonis_GB-SCT_1_GOV_D_Depth_4"
"42" "Leucoraja_naevus_GB-SCT_3_GOV_D_Depth_3"
"43" "Leucoraja_naevus_GB-SCT_1_GOV_D_Depth_3"
"44" "Limanda_limanda_GB-SCT_2_GOV_D_Depth_3"
"45" "Limanda_limanda_GB-SCT_1_GOV_D_Depth_4"
"46" "Limanda_limanda_NO_1_GOV_D_Depth_4"
"47" "Limanda_limanda_NO_1_GOV_D_Depth_3"
"48" "Limanda_limanda_GB-SCT_1_GOV_D_Depth_3"
"49" "Maurolicus_muelleri_GB-SCT_1_GOV_D_Depth_4"
"50" "Maurolicus_muelleri_DE_1_GOV_D_Depth_4"
"51" "Melanogrammus_aeglefinus_GB-SCT_2_GOV_D_Depth_3"
"52" "Melanogrammus_aeglefinus_GB-SCT_3_GOV_D_Depth_2"
"53" "Melanogrammus_aeglefinus_GB-SCT_3_GOV_D_Depth_4"
"54" "Melanogrammus_aeglefinus_GB-SCT_1_GOV_D_Depth_3"
"55" "Melanogrammus_aeglefinus_GB-SCT_1_GOV_D_Depth_4"
"56" "Melanogrammus_aeglefinus_NO_7_GOV_D_Depth_2"
"57" "Melanogrammus_aeglefinus_NO_1_GOV_N_Depth_4"
"58" "Merlangius_merlangus_GB-SCT_3_GOV_D_Depth_2"
"59" "Merlangius_merlangus_GB-SCT_3_GOV_D_Depth_4"
"60" "Merlangius_merlangus_GB-SCT_1_GOV_D_Depth_3"
"61" "Merlangius_merlangus_NO_1_GOV_N_Depth_4"
"62" "Merlangius_merlangus_NO_1_GOV_D_Depth_3"
"63" "Merluccius_merluccius_GB-SCT_1_GOV_D_Depth_4"
"64" "Merluccius_merluccius_NO_1_GOV_D_Depth_4"
"65" "Micromesistius_poutassou_NO_1_GOV_D_Depth_4"
"66" "Microstomus_kitt_GB-SCT_2_GOV_D_Depth_3"
"67" "Microstomus_kitt_NO_1_GOV_D_Depth_3"
"68" "Molva_molva_GB-SCT_1_GOV_D_Depth_3"
"69" "Nephrops_norvegicus_GB-SCT_1_GOV_D_Depth_4"
"70" "Pleuronectes_platessa_NO_1_GOV_D_Depth_3"
"71" "Pleuronectes_platessa_GB-SCT_1_GOV_D_Depth_4"
"72" "Pollachius_virens_GB-SCT_1_GOV_D_Depth_3"
"73" "Pollachius_virens_NO_1_GOV_N_Depth_4"
"74" "Pollachius_virens_NO_1_GOV_D_Depth_3"
"75" "Scomber_scombrus_DE_1_GOV_D_Depth_4"
"76" "Scomber_scombrus_GB-SCT_1_GOV_D_Depth_4"
"77" "Scomber_scombrus_DE_1_GOV_D_Depth_3"
"78" "Scomber_scombrus_NO_1_GOV_D_Depth_3"
"79" "Scyliorhinus_canicula_DE_1_GOV_D_Depth_4"
"80" "Sebastes_viviparus_NO_1_GOV_D_Depth_4"
"81" "Sprattus_sprattus_GB-SCT_3_GOV_D_Depth_3"
"82" "Squalus_acanthias_GB-SCT_1_GOV_D_Depth_3"
"83" "Trachurus_trachurus_DE_1_GOV_D_Depth_4"
"84" "Trachurus_trachurus_GB-SCT_1_GOV_D_Depth_4"
"85" "Trachurus_trachurus_GB-SCT_1_GOV_D_Depth_3"
"86" "Trachurus_trachurus_NO_1_GOV_D_Depth_4"
"87" "Trisopterus_esmarkii_GB-SCT_3_GOV_D_Depth_2"
"88" "Trisopterus_esmarkii_NO_1_GOV_D_Depth_4"
"89" "Trisopterus_esmarkii_NO_1_GOV_N_Depth_4"
"90" "Trisopterus_esmarkii_NO_1_GOV_D_Depth_3"
"91" "Trisopterus_esmarkii_GB-SCT_1_GOV_D_Depth_3"
"92" "Trisopterus_esmarkii_DE_1_GOV_D_Depth_3"
"93" "Trisopterus_minutus_GB-SCT_3_GOV_D_Depth_2"
"94" "Trisopterus_minutus_GB-SCT_1_GOV_D_Depth_4"
"95" "Trisopterus_minutus_GB-SCT_3_GOV_D_Depth_3"
"96" "Trisopterus_minutus_NO_1_GOV_D_Depth_4"
